{
  "best_by_position": {
    "255": {
      "layer": 0,
      "accuracy": 0.39172749391727496
    }
  },
  "mean_accuracy_by_layer": {
    "0": 0.39172749391727496,
    "1": 0.39172749391727496,
    "2": 0.39172749391727496,
    "3": 0.39172749391727496,
    "4": 0.39172749391727496,
    "5": 0.39172749391727496,
    "6": 0.39172749391727496,
    "7": 0.39172749391727496,
    "8": 0.39172749391727496,
    "9": 0.39172749391727496,
    "10": 0.39172749391727496,
    "11": 0.39172749391727496,
    "12": 0.39172749391727496,
    "13": 0.39172749391727496,
    "14": 0.39172749391727496,
    "15": 0.39172749391727496,
    "16": 0.39172749391727496,
    "17": 0.39172749391727496,
    "18": 0.39172749391727496,
    "19": 0.39172749391727496,
    "20": 0.39172749391727496,
    "21": 0.39172749391727496,
    "22": 0.39172749391727496,
    "23": 0.39172749391727496,
    "24": 0.39172749391727496,
    "25": 0.39172749391727496
  },
  "best_layer_by_mean_accuracy": {
    "layer": 0,
    "mean_accuracy": 0.39172749391727496
  }
}