{
  "no": {
    "precision": 0.0,
    "recall": 0.0,
    "f1-score": 0.0,
    "support": 322.0
  },
  "yes": {
    "precision": 0.6912751677852349,
    "recall": 1.0,
    "f1-score": 0.8174603174603174,
    "support": 721.0
  },
  "accuracy": 0.6912751677852349,
  "macro avg": {
    "precision": 0.34563758389261745,
    "recall": 0.5,
    "f1-score": 0.4087301587301587,
    "support": 1043.0
  },
  "weighted avg": {
    "precision": 0.47786135759650467,
    "recall": 0.6912751677852349,
    "f1-score": 0.5650900181101524,
    "support": 1043.0
  }
}