{
  "no": {
    "precision": 0.3787661406025825,
    "recall": 0.8198757763975155,
    "f1-score": 0.5181550539744848,
    "support": 322.0
  },
  "yes": {
    "precision": 0.8323699421965318,
    "recall": 0.39944521497919555,
    "f1-score": 0.5398313027179007,
    "support": 721.0
  },
  "accuracy": 0.5292425695110259,
  "macro avg": {
    "precision": 0.6055680413995572,
    "recall": 0.6096604956883556,
    "f1-score": 0.5289931783461927,
    "support": 1043.0
  },
  "weighted avg": {
    "precision": 0.6923311846574602,
    "recall": 0.5292425695110259,
    "f1-score": 0.5331393064615441,
    "support": 1043.0
  }
}