{
  "no": {
    "precision": 0.3682983682983683,
    "recall": 0.4906832298136646,
    "f1-score": 0.4207723035952064,
    "support": 322.0
  },
  "yes": {
    "precision": 0.7328990228013029,
    "recall": 0.624133148404993,
    "f1-score": 0.6741573033707865,
    "support": 721.0
  },
  "accuracy": 0.5829338446788112,
  "macro avg": {
    "precision": 0.5505986955498356,
    "recall": 0.5574081891093288,
    "f1-score": 0.5474648034829964,
    "support": 1043.0
  },
  "weighted avg": {
    "precision": 0.6203377469144908,
    "recall": 0.5829338446788112,
    "f1-score": 0.5959310618293322,
    "support": 1043.0
  }
}