{
  "no": {
    "precision": 0.3994082840236686,
    "recall": 0.8385093167701864,
    "f1-score": 0.5410821643286573,
    "support": 322.0
  },
  "yes": {
    "precision": 0.8583106267029973,
    "recall": 0.4368932038834951,
    "f1-score": 0.5790441176470589,
    "support": 721.0
  },
  "accuracy": 0.5608820709491851,
  "macro avg": {
    "precision": 0.628859455363333,
    "recall": 0.6377012603268407,
    "f1-score": 0.560063140987858,
    "support": 1043.0
  },
  "weighted avg": {
    "precision": 0.7166360779563589,
    "recall": 0.5608820709491851,
    "f1-score": 0.5673243199782906,
    "support": 1043.0
  }
}