{
  "no": {
    "precision": 0.33886255924170616,
    "recall": 0.8881987577639752,
    "f1-score": 0.49056603773584906,
    "support": 322.0
  },
  "yes": {
    "precision": 0.8190954773869347,
    "recall": 0.2260748959778086,
    "f1-score": 0.35434782608695653,
    "support": 721.0
  },
  "accuracy": 0.4304889741131352,
  "macro avg": {
    "precision": 0.5789790183143204,
    "recall": 0.5571368268708918,
    "f1-score": 0.42245693191140277,
    "support": 1043.0
  },
  "weighted avg": {
    "precision": 0.670835650308542,
    "recall": 0.4304889741131352,
    "f1-score": 0.39640177062285625,
    "support": 1043.0
  }
}