{
  "no": {
    "precision": 0.30903790087463556,
    "recall": 0.9875776397515528,
    "f1-score": 0.4707623982235381,
    "support": 322.0
  },
  "yes": {
    "precision": 0.7142857142857143,
    "recall": 0.013869625520110958,
    "f1-score": 0.027210884353741496,
    "support": 721.0
  },
  "accuracy": 0.3144774688398849,
  "macro avg": {
    "precision": 0.5116618075801749,
    "recall": 0.5007236326358319,
    "f1-score": 0.2489866412886398,
    "support": 1043.0
  },
  "weighted avg": {
    "precision": 0.5891756510849786,
    "recall": 0.3144774688398849,
    "f1-score": 0.1641462510517995,
    "support": 1043.0
  }
}