{
  "no": {
    "precision": 0.30686274509803924,
    "recall": 0.9720496894409938,
    "f1-score": 0.46646795827123694,
    "support": 322.0
  },
  "yes": {
    "precision": 0.6086956521739131,
    "recall": 0.019417475728155338,
    "f1-score": 0.03763440860215054,
    "support": 721.0
  },
  "accuracy": 0.31351869606903165,
  "macro avg": {
    "precision": 0.45777919863597616,
    "recall": 0.49573358258457456,
    "f1-score": 0.25205118343669375,
    "support": 1043.0
  },
  "weighted avg": {
    "precision": 0.5155123385800191,
    "recall": 0.31351869606903165,
    "f1-score": 0.17002597427180138,
    "support": 1043.0
  }
}