{
  "no": {
    "precision": 0.41509433962264153,
    "recall": 0.2732919254658385,
    "f1-score": 0.3295880149812734,
    "support": 322.0
  },
  "yes": {
    "precision": 0.7184115523465704,
    "recall": 0.8280166435506241,
    "f1-score": 0.7693298969072165,
    "support": 721.0
  },
  "accuracy": 0.6567593480345159,
  "macro avg": {
    "precision": 0.5667529459846059,
    "recall": 0.5506542845082313,
    "f1-score": 0.549458955944245,
    "support": 1043.0
  },
  "weighted avg": {
    "precision": 0.6247699967405252,
    "recall": 0.6567593480345159,
    "f1-score": 0.6335706581918247,
    "support": 1043.0
  }
}