{
  "no": {
    "precision": 0.5058823529411764,
    "recall": 0.13354037267080746,
    "f1-score": 0.2113022113022113,
    "support": 322.0
  },
  "yes": {
    "precision": 0.708768267223382,
    "recall": 0.941747572815534,
    "f1-score": 0.8088147706968434,
    "support": 721.0
  },
  "accuracy": 0.6922339405560882,
  "macro avg": {
    "precision": 0.6073253100822793,
    "recall": 0.5376439727431708,
    "f1-score": 0.5100584909995274,
    "support": 1043.0
  },
  "weighted avg": {
    "precision": 0.6461323473778688,
    "recall": 0.6922339405560882,
    "f1-score": 0.6243478060515207,
    "support": 1043.0
  }
}