{
  "no": {
    "precision": 0.4645161290322581,
    "recall": 0.4472049689440994,
    "f1-score": 0.45569620253164556,
    "support": 322.0
  },
  "yes": {
    "precision": 0.757162346521146,
    "recall": 0.7697642163661581,
    "f1-score": 0.7634112792297112,
    "support": 721.0
  },
  "accuracy": 0.6701821668264621,
  "macro avg": {
    "precision": 0.610839237776702,
    "recall": 0.6084845926551288,
    "f1-score": 0.6095537408806784,
    "support": 1043.0
  },
  "weighted avg": {
    "precision": 0.6668151921286035,
    "recall": 0.6701821668264621,
    "f1-score": 0.6684119938061474,
    "support": 1043.0
  }
}