{
  "no": {
    "precision": 0.36503067484662577,
    "recall": 0.3695652173913043,
    "f1-score": 0.36728395061728397,
    "support": 322.0
  },
  "yes": {
    "precision": 0.7168758716875872,
    "recall": 0.7128987517337032,
    "f1-score": 0.7148817802503477,
    "support": 721.0
  },
  "accuracy": 0.6069031639501438,
  "macro avg": {
    "precision": 0.5409532732671065,
    "recall": 0.5412319845625038,
    "f1-score": 0.5410828654338158,
    "support": 1043.0
  },
  "weighted avg": {
    "precision": 0.6082525223272904,
    "recall": 0.6069031639501438,
    "f1-score": 0.6075696986186636,
    "support": 1043.0
  }
}