{
  "no": {
    "precision": 0.46551724137931033,
    "recall": 0.08385093167701864,
    "f1-score": 0.14210526315789473,
    "support": 322.0
  },
  "yes": {
    "precision": 0.700507614213198,
    "recall": 0.957004160887656,
    "f1-score": 0.8089097303634232,
    "support": 721.0
  },
  "accuracy": 0.6874400767018217,
  "macro avg": {
    "precision": 0.5830124277962542,
    "recall": 0.5204275462823373,
    "f1-score": 0.47550749676065895,
    "support": 1043.0
  },
  "weighted avg": {
    "precision": 0.6279602507879709,
    "recall": 0.6874400767018217,
    "f1-score": 0.6030506331053406,
    "support": 1043.0
  }
}